timestamp,vehicle_id,vehicle_type,latitude,longitude,speed_kmh,acceleration_m_s2,road_id,intersection_id,direction,source_name
1718002418,TN01_V_0001,car,13.007666,80.200980,17.45,-0.92,RD_2006,INT_1001,NORTHBOUND,SPT_Chennai_UAV_Dataset
1718000902,TN01_V_0002,bus,13.004819,80.200875,30.44,-1.13,RD_2002,INT_1001,WESTBOUND,SPT_Chennai_UAV_Dataset
1718001138,TN01_V_0003,bus,13.041613,80.242977,39.44,-0.77,RD_2004,INT_1005,EASTBOUND,SPT_Chennai_UAV_Dataset
1718003305,TN01_V_0004,two_wheeler,13.012329,80.210846,15.79,-0.94,RD_2003,INT_1002,EASTBOUND,SPT_Chennai_UAV_Dataset
1718002364,TN01_V_0005,car,13.049938,80.249299,45.24,-0.99,RD_2003,INT_1006,EASTBOUND,SPT_Chennai_UAV_Dataset
1718001556,TN01_V_0006,two_wheeler,13.048378,80.251445,39.94,1.46,RD_2002,INT_1006,NORTHBOUND,SPT_Chennai_UAV_Dataset
1718002495,TN01_V_0007,auto_rickshaw,13.035643,80.230659,25.64,-0.63,RD_2003,INT_1004,NORTHBOUND,SPT_Chennai_UAV_Dataset
1718002804,TN01_V_0008,two_wheeler,13.043417,80.240154,25.97,1.47,RD_2006,INT_1005,SOUTHBOUND,SPT_Chennai_UAV_Dataset
1718000870,TN01_V_0009,auto_rickshaw,13.005616,80.200128,23.7,-0.48,RD_2002,INT_1001,EASTBOUND,SPT_Chennai_UAV_Dataset
1718003059,TN01_V_0010,bus,13.036639,80.231771,17.57,-0.82,RD_2006,INT_1004,EASTBOUND,SPT_Chennai_UAV_Dataset
1718000372,TN01_V_0011,truck,13.036691,80.230798,20.29,1.49,RD_2005,INT_1004,WESTBOUND,SPT_Chennai_UAV_Dataset
1718002440,TN01_V_0012,car,13.005311,80.200640,36.66,0.41,RD_2004,INT_1001,WESTBOUND,SPT_Chennai_UAV_Dataset
1718003148,TN01_V_0013,bus,13.041506,80.241713,45.96,0.64,RD_2001,INT_1005,EASTBOUND,SPT_Chennai_UAV_Dataset
1718002050,TN01_V_0014,auto_rickshaw,13.005874,80.200633,12.62,0.75,RD_2006,INT_1001,EASTBOUND,SPT_Chennai_UAV_Dataset
1718000626,TN01_V_0015,two_wheeler,13.044151,80.242982,23.09,0.53,RD_2005,INT_1005,SOUTHBOUND,SPT_Chennai_UAV_Dataset
1718000079,TN01_V_0016,auto_rickshaw,13.010658,80.212615,31.33,-1.2,RD_2003,INT_1002,WESTBOUND,SPT_Chennai_UAV_Dataset
1718000350,TN01_V_0017,car,13.024715,80.222327,23.42,-1.04,RD_2005,INT_1003,NORTHBOUND,SPT_Chennai_UAV_Dataset
1718001085,TN01_V_0018,bus,13.008612,80.202131,16.96,0.58,RD_2005,INT_1001,SOUTHBOUND,SPT_Chennai_UAV_Dataset
1718001634,TN01_V_0019,truck,13.042193,80.240347,31.65,0.77,RD_2002,INT_1005,EASTBOUND,SPT_Chennai_UAV_Dataset
1718002410,TN01_V_0020,auto_rickshaw,13.036698,80.231006,21.3,-1.03,RD_2001,INT_1004,SOUTHBOUND,SPT_Chennai_UAV_Dataset
1718002105,TN01_V_0021,two_wheeler,13.004984,80.202524,20.63,1.24,RD_2003,INT_1001,NORTHBOUND,SPT_Chennai_UAV_Dataset
1718000995,TN01_V_0022,two_wheeler,13.023876,80.219857,17.2,1.33,RD_2005,INT_1003,WESTBOUND,SPT_Chennai_UAV_Dataset
1718002758,TN01_V_0023,bus,13.033862,80.229588,27.8,-0.06,RD_2004,INT_1004,NORTHBOUND,SPT_Chennai_UAV_Dataset
1718000574,TN01_V_0024,car,13.006310,80.201357,43.09,-0.53,RD_2002,INT_1001,WESTBOUND,SPT_Chennai_UAV_Dataset
1718000207,TN01_V_0025,bus,13.009614,80.210499,45.28,-0.0,RD_2005,INT_1002,NORTHBOUND,SPT_Chennai_UAV_Dataset
1718000875,TN01_V_0026,truck,13.008576,80.203705,42.63,-0.75,RD_2004,INT_1001,WESTBOUND,SPT_Chennai_UAV_Dataset
1718001732,TN01_V_0027,bus,13.005359,80.200009,26.36,1.3,RD_2004,INT_1001,EASTBOUND,SPT_Chennai_UAV_Dataset
1718003063,TN01_V_0028,truck,13.050974,80.249419,23.03,1.42,RD_2005,INT_1006,NORTHBOUND,SPT_Chennai_UAV_Dataset
1718003487,TN01_V_0029,auto_rickshaw,13.004901,80.201907,45.14,0.23,RD_2001,INT_1001,NORTHBOUND,SPT_Chennai_UAV_Dataset
1718002371,TN01_V_0030,two_wheeler,13.007080,80.202701,20.85,-0.88,RD_2005,INT_1001,SOUTHBOUND,SPT_Chennai_UAV_Dataset
1718002743,TN01_V_0031,truck,13.007178,80.201677,33.22,0.21,RD_2003,INT_1001,SOUTHBOUND,SPT_Chennai_UAV_Dataset
1718001877,TN01_V_0032,auto_rickshaw,13.009562,80.210024,35.42,0.03,RD_2001,INT_1002,NORTHBOUND,SPT_Chennai_UAV_Dataset
1718001000,TN01_V_0033,truck,13.044484,80.239793,20.07,-0.48,RD_2003,INT_1005,NORTHBOUND,SPT_Chennai_UAV_Dataset
1718002735,TN01_V_0034,auto_rickshaw,13.021831,80.222335,37.48,0.45,RD_2006,INT_1003,NORTHBOUND,SPT_Chennai_UAV_Dataset
1718001115,TN01_V_0035,truck,13.024927,80.219414,43.67,-0.49,RD_2001,INT_1003,SOUTHBOUND,SPT_Chennai_UAV_Dataset
1718001028,TN01_V_0036,auto_rickshaw,13.041343,80.240872,36.91,1.1,RD_2005,INT_1005,WESTBOUND,SPT_Chennai_UAV_Dataset
1718000661,TN01_V_0037,car,13.007237,80.203317,14.07,-0.3,RD_2002,INT_1001,EASTBOUND,SPT_Chennai_UAV_Dataset
1718002234,TN01_V_0038,bus,13.043323,80.241744,16.47,1.35,RD_2006,INT_1005,SOUTHBOUND,SPT_Chennai_UAV_Dataset
1718000860,TN01_V_0039,car,13.023530,80.219592,17.02,-0.37,RD_2001,INT_1003,EASTBOUND,SPT_Chennai_UAV_Dataset
1718000969,TN01_V_0040,two_wheeler,13.048511,80.251920,43.89,-0.1,RD_2005,INT_1006,SOUTHBOUND,SPT_Chennai_UAV_Dataset
1718001092,TN01_V_0041,two_wheeler,13.012026,80.209599,38.65,-0.3,RD_2004,INT_1002,SOUTHBOUND,SPT_Chennai_UAV_Dataset
1718001250,TN01_V_0042,two_wheeler,13.048532,80.252289,42.98,-0.6,RD_2004,INT_1006,EASTBOUND,SPT_Chennai_UAV_Dataset
1718002627,TN01_V_0043,two_wheeler,13.008595,80.210273,24.15,1.13,RD_2003,INT_1002,EASTBOUND,SPT_Chennai_UAV_Dataset
1718002378,TN01_V_0044,truck,13.035818,80.232575,24.26,-1.13,RD_2003,INT_1004,SOUTHBOUND,SPT_Chennai_UAV_Dataset
1718001577,TN01_V_0045,auto_rickshaw,13.005134,80.201738,38.36,-0.35,RD_2005,INT_1001,NORTHBOUND,SPT_Chennai_UAV_Dataset
1718001491,TN01_V_0046,truck,13.009519,80.212335,12.56,1.3,RD_2005,INT_1002,SOUTHBOUND,SPT_Chennai_UAV_Dataset
1718002077,TN01_V_0047,bus,13.008495,80.203683,34.62,0.59,RD_2001,INT_1001,EASTBOUND,SPT_Chennai_UAV_Dataset
1718002774,TN01_V_0048,auto_rickshaw,13.049734,80.250410,23.0,-0.86,RD_2004,INT_1006,WESTBOUND,SPT_Chennai_UAV_Dataset
1718003218,TN01_V_0049,two_wheeler,13.042776,80.241124,42.1,-0.38,RD_2002,INT_1005,WESTBOUND,SPT_Chennai_UAV_Dataset
1718002698,TN01_V_0050,truck,13.043119,80.241360,28.2,-0.62,RD_2004,INT_1005,SOUTHBOUND,SPT_Chennai_UAV_Dataset
1718000920,TN01_V_0051,car,13.023262,80.221532,24.4,1.01,RD_2002,INT_1003,EASTBOUND,SPT_Chennai_UAV_Dataset
1718001697,TN01_V_0052,two_wheeler,13.008598,80.210479,29.37,1.09,RD_2001,INT_1002,WESTBOUND,SPT_Chennai_UAV_Dataset
1718003075,TN01_V_0053,truck,13.011373,80.211036,26.69,-0.8,RD_2006,INT_1002,NORTHBOUND,SPT_Chennai_UAV_Dataset
1718003474,TN01_V_0054,car,13.033975,80.232416,37.2,0.05,RD_2005,INT_1004,SOUTHBOUND,SPT_Chennai_UAV_Dataset
1718002509,TN01_V_0055,car,13.033633,80.231059,31.36,0.31,RD_2003,INT_1004,WESTBOUND,SPT_Chennai_UAV_Dataset
1718001061,TN01_V_0056,truck,13.036422,80.231391,44.35,0.81,RD_2004,INT_1004,WESTBOUND,SPT_Chennai_UAV_Dataset
1718002922,TN01_V_0057,two_wheeler,13.049209,80.251911,29.7,-0.55,RD_2004,INT_1006,NORTHBOUND,SPT_Chennai_UAV_Dataset
1718002842,TN01_V_0058,auto_rickshaw,13.009587,80.210779,31.68,-0.83,RD_2002,INT_1002,WESTBOUND,SPT_Chennai_UAV_Dataset
1718003411,TN01_V_0059,two_wheeler,13.048956,80.250459,24.25,0.06,RD_2001,INT_1006,SOUTHBOUND,SPT_Chennai_UAV_Dataset
1718001953,TN01_V_0060,bus,13.036719,80.231536,37.19,1.11,RD_2005,INT_1004,WESTBOUND,SPT_Chennai_UAV_Dataset
1718001999,TN01_V_0061,car,13.022394,80.220560,44.15,1.06,RD_2005,INT_1003,SOUTHBOUND,SPT_Chennai_UAV_Dataset
1718003442,TN01_V_0062,two_wheeler,13.022943,80.219116,24.43,0.63,RD_2004,INT_1003,SOUTHBOUND,SPT_Chennai_UAV_Dataset
1718000343,TN01_V_0063,bus,13.012423,80.211636,44.7,0.4,RD_2006,INT_1002,NORTHBOUND,SPT_Chennai_UAV_Dataset
1718001382,TN01_V_0064,bus,13.011967,80.210227,21.74,-0.32,RD_2004,INT_1002,EASTBOUND,SPT_Chennai_UAV_Dataset
1718001433,TN01_V_0065,bus,13.024208,80.222328,21.46,-0.98,RD_2001,INT_1003,NORTHBOUND,SPT_Chennai_UAV_Dataset
1718003437,TN01_V_0066,two_wheeler,13.048374,80.252629,13.93,-1.12,RD_2002,INT_1006,SOUTHBOUND,SPT_Chennai_UAV_Dataset
1718002865,TN01_V_0067,car,13.041110,80.240005,36.27,0.32,RD_2002,INT_1005,WESTBOUND,SPT_Chennai_UAV_Dataset
1718000442,TN01_V_0068,auto_rickshaw,13.021871,80.221429,39.05,-0.89,RD_2002,INT_1003,EASTBOUND,SPT_Chennai_UAV_Dataset
1718000311,TN01_V_0069,truck,13.008416,80.202303,44.73,-0.19,RD_2006,INT_1001,SOUTHBOUND,SPT_Chennai_UAV_Dataset
1718003261,TN01_V_0070,truck,13.051422,80.249771,37.25,-0.39,RD_2006,INT_1006,NORTHBOUND,SPT_Chennai_UAV_Dataset
1718003479,TN01_V_0071,truck,13.006089,80.201714,25.66,0.17,RD_2003,INT_1001,NORTHBOUND,SPT_Chennai_UAV_Dataset
1718001783,TN01_V_0072,bus,13.033522,80.233043,35.06,1.04,RD_2006,INT_1004,SOUTHBOUND,SPT_Chennai_UAV_Dataset
1718001784,TN01_V_0073,two_wheeler,13.050187,80.251402,34.36,1.28,RD_2004,INT_1006,WESTBOUND,SPT_Chennai_UAV_Dataset
1718003073,TN01_V_0074,truck,13.022489,80.219982,45.68,-0.45,RD_2004,INT_1003,SOUTHBOUND,SPT_Chennai_UAV_Dataset
1718000868,TN01_V_0075,bus,13.042941,80.241016,13.52,1.1,RD_2002,INT_1005,WESTBOUND,SPT_Chennai_UAV_Dataset
1718000350,TN01_V_0076,auto_rickshaw,13.022561,80.222521,37.39,-0.45,RD_2001,INT_1003,SOUTHBOUND,SPT_Chennai_UAV_Dataset
1718001835,TN01_V_0077,two_wheeler,13.049726,80.251021,21.03,0.09,RD_2006,INT_1006,WESTBOUND,SPT_Chennai_UAV_Dataset
1718002267,TN01_V_0078,car,13.005877,80.201618,21.14,0.59,RD_2003,INT_1001,WESTBOUND,SPT_Chennai_UAV_Dataset
1718001029,TN01_V_0079,truck,13.022902,80.221984,24.24,0.7,RD_2003,INT_1003,EASTBOUND,SPT_Chennai_UAV_Dataset
1718000784,TN01_V_0080,two_wheeler,13.007585,80.201262,38.87,1.37,RD_2006,INT_1001,SOUTHBOUND,SPT_Chennai_UAV_Dataset
1718003410,TN01_V_0081,two_wheeler,13.050037,80.251698,47.17,0.22,RD_2003,INT_1006,NORTHBOUND,SPT_Chennai_UAV_Dataset
1718000223,TN01_V_0082,two_wheeler,13.022110,80.219718,13.0,0.24,RD_2003,INT_1003,NORTHBOUND,SPT_Chennai_UAV_Dataset
1718001922,TN01_V_0083,truck,13.023990,80.219505,43.33,0.13,RD_2001,INT_1003,EASTBOUND,SPT_Chennai_UAV_Dataset
1718001641,TN01_V_0084,bus,13.034463,80.233062,21.46,1.13,RD_2001,INT_1004,NORTHBOUND,SPT_Chennai_UAV_Dataset
1718001016,TN01_V_0085,bus,13.007008,80.202746,17.89,0.99,RD_2003,INT_1001,NORTHBOUND,SPT_Chennai_UAV_Dataset
1718001845,TN01_V_0086,car,13.043558,80.241925,40.57,-0.59,RD_2005,INT_1005,WESTBOUND,SPT_Chennai_UAV_Dataset
1718003124,TN01_V_0087,bus,13.024641,80.222960,23.34,0.48,RD_2005,INT_1003,NORTHBOUND,SPT_Chennai_UAV_Dataset
1718000010,TN01_V_0088,two_wheeler,13.048944,80.251442,18.08,-0.73,RD_2001,INT_1006,SOUTHBOUND,SPT_Chennai_UAV_Dataset
1718000291,TN01_V_0089,bus,13.035857,80.231080,13.66,-0.42,RD_2003,INT_1004,WESTBOUND,SPT_Chennai_UAV_Dataset
1718002230,TN01_V_0090,two_wheeler,13.024351,80.221500,35.97,1.32,RD_2004,INT_1003,NORTHBOUND,SPT_Chennai_UAV_Dataset
1718001798,TN01_V_0091,two_wheeler,13.048696,80.249863,17.55,-1.04,RD_2003,INT_1006,EASTBOUND,SPT_Chennai_UAV_Dataset
1718000329,TN01_V_0092,car,13.035855,80.231999,45.97,0.15,RD_2004,INT_1004,WESTBOUND,SPT_Chennai_UAV_Dataset
1718003132,TN01_V_0093,truck,13.008258,80.202938,33.93,-1.13,RD_2002,INT_1001,NORTHBOUND,SPT_Chennai_UAV_Dataset
1718002397,TN01_V_0094,auto_rickshaw,13.040661,80.242525,29.2,0.56,RD_2003,INT_1005,SOUTHBOUND,SPT_Chennai_UAV_Dataset
1718003513,TN01_V_0095,bus,13.051357,80.252676,29.19,-0.1,RD_2003,INT_1006,NORTHBOUND,SPT_Chennai_UAV_Dataset
1718001862,TN01_V_0096,two_wheeler,13.022847,80.220982,36.02,-0.12,RD_2005,INT_1003,NORTHBOUND,SPT_Chennai_UAV_Dataset
1718001692,TN01_V_0097,car,13.022210,80.219464,39.93,1.14,RD_2001,INT_1003,WESTBOUND,SPT_Chennai_UAV_Dataset
1718001093,TN01_V_0098,car,13.010574,80.211991,30.2,-0.01,RD_2001,INT_1002,SOUTHBOUND,SPT_Chennai_UAV_Dataset
1718002907,TN01_V_0099,truck,13.012211,80.211252,37.29,-0.87,RD_2006,INT_1002,SOUTHBOUND,SPT_Chennai_UAV_Dataset
1718000481,TN01_V_0100,two_wheeler,13.023403,80.221209,15.81,1.48,RD_2001,INT_1003,WESTBOUND,SPT_Chennai_UAV_Dataset
1718000998,TN01_V_0101,two_wheeler,13.036831,80.230367,37.54,-0.08,RD_2004,INT_1004,WESTBOUND,SPT_Chennai_UAV_Dataset
1718001131,TN01_V_0102,bus,13.041079,80.240262,33.78,0.81,RD_2002,INT_1005,NORTHBOUND,SPT_Chennai_UAV_Dataset
1718003544,TN01_V_0103,bus,13.024937,80.221031,41.63,-0.44,RD_2003,INT_1003,WESTBOUND,SPT_Chennai_UAV_Dataset
1718003561,TN01_V_0104,two_wheeler,13.035254,80.230580,32.09,0.27,RD_2004,INT_1004,EASTBOUND,SPT_Chennai_UAV_Dataset
1718002888,TN01_V_0105,two_wheeler,13.049055,80.250332,42.89,-0.09,RD_2003,INT_1006,WESTBOUND,SPT_Chennai_UAV_Dataset
1718002057,TN01_V_0106,bus,13.037054,80.232370,35.65,-0.79,RD_2001,INT_1004,SOUTHBOUND,SPT_Chennai_UAV_Dataset
1718002959,TN01_V_0107,truck,13.024679,80.222497,28.13,0.22,RD_2004,INT_1003,NORTHBOUND,SPT_Chennai_UAV_Dataset
1718002552,TN01_V_0108,two_wheeler,13.036584,80.233080,15.16,0.91,RD_2003,INT_1004,EASTBOUND,SPT_Chennai_UAV_Dataset
1718003573,TN01_V_0109,bus,13.048421,80.250114,36.44,0.24,RD_2003,INT_1006,WESTBOUND,SPT_Chennai_UAV_Dataset
1718001777,TN01_V_0110,truck,13.007170,80.200939,36.8,-0.42,RD_2002,INT_1001,NORTHBOUND,SPT_Chennai_UAV_Dataset
1718001328,TN01_V_0111,car,13.050916,80.249202,18.41,-0.39,RD_2001,INT_1006,NORTHBOUND,SPT_Chennai_UAV_Dataset
1718000696,TN01_V_0112,car,13.022634,80.220723,21.17,-0.09,RD_2006,INT_1003,SOUTHBOUND,SPT_Chennai_UAV_Dataset
1718000951,TN01_V_0113,two_wheeler,13.007138,80.201530,36.75,0.14,RD_2005,INT_1001,SOUTHBOUND,SPT_Chennai_UAV_Dataset
1718000302,TN01_V_0114,bus,13.049116,80.249821,12.83,0.97,RD_2003,INT_1006,SOUTHBOUND,SPT_Chennai_UAV_Dataset
1718000815,TN01_V_0115,bus,13.025151,80.220197,46.65,0.66,RD_2004,INT_1003,EASTBOUND,SPT_Chennai_UAV_Dataset
1718000089,TN01_V_0116,bus,13.033527,80.230725,25.24,-0.4,RD_2006,INT_1004,EASTBOUND,SPT_Chennai_UAV_Dataset
1718003411,TN01_V_0117,bus,13.021232,80.222460,40.13,1.43,RD_2005,INT_1003,WESTBOUND,SPT_Chennai_UAV_Dataset
1718002573,TN01_V_0118,auto_rickshaw,13.010928,80.210909,35.1,0.48,RD_2006,INT_1002,SOUTHBOUND,SPT_Chennai_UAV_Dataset
1718000369,TN01_V_0119,car,13.050685,80.250036,28.15,0.36,RD_2006,INT_1006,SOUTHBOUND,SPT_Chennai_UAV_Dataset
1718003401,TN01_V_0120,auto_rickshaw,13.024190,80.219703,17.19,0.26,RD_2003,INT_1003,EASTBOUND,SPT_Chennai_UAV_Dataset
1718001918,TN01_V_0121,two_wheeler,13.024856,80.222777,46.84,-0.4,RD_2003,INT_1003,NORTHBOUND,SPT_Chennai_UAV_Dataset
1718000369,TN01_V_0122,car,13.011517,80.210402,36.51,0.62,RD_2004,INT_1002,EASTBOUND,SPT_Chennai_UAV_Dataset
1718003368,TN01_V_0123,bus,13.005758,80.200494,25.58,0.82,RD_2003,INT_1001,WESTBOUND,SPT_Chennai_UAV_Dataset
1718002652,TN01_V_0124,auto_rickshaw,13.007399,80.201886,34.49,1.35,RD_2003,INT_1001,SOUTHBOUND,SPT_Chennai_UAV_Dataset
1718000152,TN01_V_0125,car,13.051395,80.252438,23.23,-0.1,RD_2002,INT_1006,NORTHBOUND,SPT_Chennai_UAV_Dataset
1718002405,TN01_V_0126,auto_rickshaw,13.033564,80.230139,31.58,-0.15,RD_2003,INT_1004,WESTBOUND,SPT_Chennai_UAV_Dataset
1718002827,TN01_V_0127,two_wheeler,13.035720,80.232535,34.36,1.34,RD_2003,INT_1004,NORTHBOUND,SPT_Chennai_UAV_Dataset
1718002230,TN01_V_0128,auto_rickshaw,13.010274,80.213302,42.87,-0.93,RD_2006,INT_1002,EASTBOUND,SPT_Chennai_UAV_Dataset
1718002714,TN01_V_0129,auto_rickshaw,13.006293,80.200759,16.84,1.09,RD_2004,INT_1001,NORTHBOUND,SPT_Chennai_UAV_Dataset
1718000281,TN01_V_0130,two_wheeler,13.050658,80.252684,14.3,-0.3,RD_2002,INT_1006,SOUTHBOUND,SPT_Chennai_UAV_Dataset
1718001135,TN01_V_0131,truck,13.010846,80.212752,20.77,0.89,RD_2005,INT_1002,NORTHBOUND,SPT_Chennai_UAV_Dataset
1718001467,TN01_V_0132,two_wheeler,13.010661,80.212694,16.4,1.14,RD_2002,INT_1002,NORTHBOUND,SPT_Chennai_UAV_Dataset
1718003054,TN01_V_0133,two_wheeler,13.041795,80.240197,14.36,0.8,RD_2005,INT_1005,NORTHBOUND,SPT_Chennai_UAV_Dataset
1718002978,TN01_V_0134,car,13.034893,80.230648,33.58,0.02,RD_2002,INT_1004,NORTHBOUND,SPT_Chennai_UAV_Dataset
1718002810,TN01_V_0135,truck,13.023032,80.222856,14.66,0.09,RD_2004,INT_1003,WESTBOUND,SPT_Chennai_UAV_Dataset
1718000516,TN01_V_0136,car,13.035950,80.230974,44.42,-0.33,RD_2002,INT_1004,NORTHBOUND,SPT_Chennai_UAV_Dataset
1718001858,TN01_V_0137,auto_rickshaw,13.043032,80.241693,24.04,1.49,RD_2005,INT_1005,EASTBOUND,SPT_Chennai_UAV_Dataset
1718001761,TN01_V_0138,truck,13.042221,80.242672,16.56,0.57,RD_2005,INT_1005,SOUTHBOUND,SPT_Chennai_UAV_Dataset
1718001280,TN01_V_0139,bus,13.010155,80.212810,26.65,0.77,RD_2003,INT_1002,WESTBOUND,SPT_Chennai_UAV_Dataset
1718001768,TN01_V_0140,auto_rickshaw,13.025014,80.221747,29.34,-0.95,RD_2001,INT_1003,NORTHBOUND,SPT_Chennai_UAV_Dataset
1718002744,TN01_V_0141,car,13.051055,80.252047,32.25,0.38,RD_2005,INT_1006,EASTBOUND,SPT_Chennai_UAV_Dataset
1718001178,TN01_V_0142,car,13.034514,80.231861,39.14,1.14,RD_2006,INT_1004,NORTHBOUND,SPT_Chennai_UAV_Dataset
1718001434,TN01_V_0143,truck,13.022607,80.221312,20.05,0.57,RD_2002,INT_1003,NORTHBOUND,SPT_Chennai_UAV_Dataset
1718002494,TN01_V_0144,truck,13.021660,80.220114,20.53,-0.04,RD_2005,INT_1003,NORTHBOUND,SPT_Chennai_UAV_Dataset
1718003562,TN01_V_0145,auto_rickshaw,13.005422,80.202811,23.47,-0.28,RD_2001,INT_1001,SOUTHBOUND,SPT_Chennai_UAV_Dataset
1718001540,TN01_V_0146,two_wheeler,13.043129,80.239778,38.8,1.42,RD_2001,INT_1005,SOUTHBOUND,SPT_Chennai_UAV_Dataset
1718000215,TN01_V_0147,bus,13.034464,80.230680,38.12,0.9,RD_2005,INT_1004,NORTHBOUND,SPT_Chennai_UAV_Dataset
1718002486,TN01_V_0148,two_wheeler,13.011518,80.209699,15.4,-0.0,RD_2004,INT_1002,WESTBOUND,SPT_Chennai_UAV_Dataset
1718002158,TN01_V_0149,bus,13.034193,80.232220,16.54,-0.04,RD_2003,INT_1004,WESTBOUND,SPT_Chennai_UAV_Dataset
1718003130,TN01_V_0150,auto_rickshaw,13.005582,80.203938,14.44,-0.65,RD_2002,INT_1001,SOUTHBOUND,SPT_Chennai_UAV_Dataset
1718002049,TN01_V_0151,auto_rickshaw,13.022512,80.219031,39.02,-0.73,RD_2004,INT_1003,SOUTHBOUND,SPT_Chennai_UAV_Dataset
1718000318,TN01_V_0152,truck,13.051325,80.249088,43.09,-1.09,RD_2001,INT_1006,WESTBOUND,SPT_Chennai_UAV_Dataset
1718001330,TN01_V_0153,auto_rickshaw,13.042217,80.241118,35.23,-0.42,RD_2004,INT_1005,NORTHBOUND,SPT_Chennai_UAV_Dataset
1718001784,TN01_V_0154,two_wheeler,13.042340,80.242258,25.35,-0.02,RD_2001,INT_1005,SOUTHBOUND,SPT_Chennai_UAV_Dataset
1718000312,TN01_V_0155,truck,13.035196,80.230783,23.51,-0.28,RD_2003,INT_1004,SOUTHBOUND,SPT_Chennai_UAV_Dataset
1718000967,TN01_V_0156,truck,13.048556,80.250840,44.66,-0.26,RD_2006,INT_1006,SOUTHBOUND,SPT_Chennai_UAV_Dataset
1718003165,TN01_V_0157,car,13.009524,80.210194,17.93,0.85,RD_2001,INT_1002,SOUTHBOUND,SPT_Chennai_UAV_Dataset
1718003539,TN01_V_0158,bus,13.036118,80.232240,28.44,1.3,RD_2005,INT_1004,EASTBOUND,SPT_Chennai_UAV_Dataset
1718001441,TN01_V_0159,auto_rickshaw,13.010259,80.211376,34.91,0.95,RD_2005,INT_1002,NORTHBOUND,SPT_Chennai_UAV_Dataset
1718002519,TN01_V_0160,truck,13.005942,80.201808,14.52,1.05,RD_2001,INT_1001,NORTHBOUND,SPT_Chennai_UAV_Dataset
1718003317,TN01_V_0161,truck,13.042038,80.241821,46.38,0.8,RD_2001,INT_1005,WESTBOUND,SPT_Chennai_UAV_Dataset
1718003321,TN01_V_0162,truck,13.048853,80.251220,30.3,1.39,RD_2004,INT_1006,NORTHBOUND,SPT_Chennai_UAV_Dataset
1718001490,TN01_V_0163,auto_rickshaw,13.048437,80.251385,13.89,0.71,RD_2004,INT_1006,SOUTHBOUND,SPT_Chennai_UAV_Dataset
1718000269,TN01_V_0164,auto_rickshaw,13.022750,80.222098,36.6,-1.06,RD_2006,INT_1003,EASTBOUND,SPT_Chennai_UAV_Dataset
1718001365,TN01_V_0165,auto_rickshaw,13.006932,80.201546,21.45,1.1,RD_2005,INT_1001,SOUTHBOUND,SPT_Chennai_UAV_Dataset
1718000528,TN01_V_0166,car,13.043154,80.243167,23.51,0.57,RD_2006,INT_1005,WESTBOUND,SPT_Chennai_UAV_Dataset
1718002646,TN01_V_0167,truck,13.051852,80.250038,25.87,0.94,RD_2002,INT_1006,NORTHBOUND,SPT_Chennai_UAV_Dataset
1718000927,TN01_V_0168,bus,13.041947,80.240950,18.9,-0.62,RD_2004,INT_1005,SOUTHBOUND,SPT_Chennai_UAV_Dataset
1718002711,TN01_V_0169,two_wheeler,13.008809,80.212878,16.09,0.88,RD_2006,INT_1002,NORTHBOUND,SPT_Chennai_UAV_Dataset
1718002953,TN01_V_0170,auto_rickshaw,13.041024,80.241007,18.26,1.04,RD_2005,INT_1005,SOUTHBOUND,SPT_Chennai_UAV_Dataset
1718000958,TN01_V_0171,bus,13.006343,80.202705,20.93,-0.0,RD_2003,INT_1001,WESTBOUND,SPT_Chennai_UAV_Dataset
1718001891,TN01_V_0172,truck,13.009738,80.212734,29.15,1.05,RD_2003,INT_1002,WESTBOUND,SPT_Chennai_UAV_Dataset
1718003575,TN01_V_0173,auto_rickshaw,13.035112,80.230875,18.25,-0.66,RD_2005,INT_1004,SOUTHBOUND,SPT_Chennai_UAV_Dataset
1718001167,TN01_V_0174,auto_rickshaw,13.007265,80.203496,32.19,-0.92,RD_2005,INT_1001,NORTHBOUND,SPT_Chennai_UAV_Dataset
1718001431,TN01_V_0175,car,13.009591,80.213121,17.73,-0.02,RD_2002,INT_1002,WESTBOUND,SPT_Chennai_UAV_Dataset
1718000115,TN01_V_0176,car,13.033313,80.231208,20.87,1.49,RD_2003,INT_1004,SOUTHBOUND,SPT_Chennai_UAV_Dataset
1718002851,TN01_V_0177,auto_rickshaw,13.008057,80.202600,40.59,-0.83,RD_2003,INT_1001,WESTBOUND,SPT_Chennai_UAV_Dataset
1718002247,TN01_V_0178,two_wheeler,13.049976,80.251261,44.66,-1.15,RD_2002,INT_1006,SOUTHBOUND,SPT_Chennai_UAV_Dataset
1718002617,TN01_V_0179,truck,13.042193,80.242605,20.94,-0.87,RD_2002,INT_1005,WESTBOUND,SPT_Chennai_UAV_Dataset
1718002943,TN01_V_0180,truck,13.033351,80.232547,30.24,0.25,RD_2006,INT_1004,SOUTHBOUND,SPT_Chennai_UAV_Dataset
1718002144,TN01_V_0181,two_wheeler,13.022917,80.221459,21.04,-0.08,RD_2006,INT_1003,NORTHBOUND,SPT_Chennai_UAV_Dataset
1718003577,TN01_V_0182,auto_rickshaw,13.008514,80.202176,40.42,0.17,RD_2001,INT_1001,WESTBOUND,SPT_Chennai_UAV_Dataset
1718000987,TN01_V_0183,bus,13.007243,80.203924,21.5,-1.16,RD_2001,INT_1001,EASTBOUND,SPT_Chennai_UAV_Dataset
1718003401,TN01_V_0184,car,13.043441,80.240830,14.07,0.27,RD_2006,INT_1005,SOUTHBOUND,SPT_Chennai_UAV_Dataset
1718001201,TN01_V_0185,bus,13.050014,80.249529,17.29,0.73,RD_2004,INT_1006,NORTHBOUND,SPT_Chennai_UAV_Dataset
1718001037,TN01_V_0186,two_wheeler,13.007864,80.203543,23.7,-0.36,RD_2004,INT_1001,WESTBOUND,SPT_Chennai_UAV_Dataset
1718000509,TN01_V_0187,car,13.048864,80.250228,40.22,1.14,RD_2003,INT_1006,EASTBOUND,SPT_Chennai_UAV_Dataset
1718002834,TN01_V_0188,auto_rickshaw,13.036658,80.232173,44.26,-0.16,RD_2002,INT_1004,WESTBOUND,SPT_Chennai_UAV_Dataset
1718002467,TN01_V_0189,bus,13.024897,80.221077,40.94,0.76,RD_2001,INT_1003,WESTBOUND,SPT_Chennai_UAV_Dataset
1718000682,TN01_V_0190,two_wheeler,13.041675,80.239910,24.14,-0.4,RD_2004,INT_1005,WESTBOUND,SPT_Chennai_UAV_Dataset
1718002619,TN01_V_0191,bus,13.022989,80.221907,44.86,0.46,RD_2004,INT_1003,EASTBOUND,SPT_Chennai_UAV_Dataset
1718000584,TN01_V_0192,car,13.007385,80.201625,30.71,0.82,RD_2002,INT_1001,NORTHBOUND,SPT_Chennai_UAV_Dataset
1718001568,TN01_V_0193,truck,13.051225,80.248939,14.89,0.9,RD_2003,INT_1006,EASTBOUND,SPT_Chennai_UAV_Dataset
1718002168,TN01_V_0194,truck,13.007120,80.202716,46.18,-0.2,RD_2001,INT_1001,SOUTHBOUND,SPT_Chennai_UAV_Dataset
1718002120,TN01_V_0195,auto_rickshaw,13.034358,80.230315,46.6,-1.13,RD_2002,INT_1004,WESTBOUND,SPT_Chennai_UAV_Dataset
1718002842,TN01_V_0196,bus,13.040971,80.242600,37.49,-0.62,RD_2005,INT_1005,EASTBOUND,SPT_Chennai_UAV_Dataset
1718003319,TN01_V_0197,bus,13.008991,80.212911,28.55,1.23,RD_2004,INT_1002,NORTHBOUND,SPT_Chennai_UAV_Dataset
1718003250,TN01_V_0198,auto_rickshaw,13.049490,80.249060,31.75,1.21,RD_2002,INT_1006,SOUTHBOUND,SPT_Chennai_UAV_Dataset
1718001478,TN01_V_0199,auto_rickshaw,13.041397,80.243441,40.62,-0.56,RD_2004,INT_1005,NORTHBOUND,SPT_Chennai_UAV_Dataset
1718001266,TN01_V_0200,truck,13.041976,80.242715,32.08,0.45,RD_2001,INT_1005,NORTHBOUND,SPT_Chennai_UAV_Dataset